RESIDENCE,POS,Number_of_Veterans_2024,NUMBER_OF_VETERANS_2023, NUMBER_OF_VETERANS_22 
Yemen Arab Republic,Gulf War and GWOT,15,30,
Yemen Arab Republic,Vietnam Era,,19,
Qatar,Gulf War and GWOT,23,16,
Trinidad and Tobago,Gulf War and GWOT,15,14,
Afghanistan,Gulf War and GWOT,,12,
Chile,Gulf War and GWOT,12,12,
Yemen Arab Republic,Peacetime Era,,11,
Belize,Gulf War and GWOT,12,10,
Texas,Gulf War and GWOT,"452,369",414061,"381,028"
California,Gulf War and GWOT,"294,311",274462,"259,703"
Florida,Gulf War and GWOT,"309,696",281882,"256,534"
Virginia,Gulf War and GWOT,"196,610",181024,"168,261"
Georgia,Gulf War and GWOT,"175,166",161319,"149,528"
North Carolina,Gulf War and GWOT,"175,480",160815,"148,139"
Texas,Vietnam Era,"111,765",110674,"110,732"
California,Vietnam Era,"109,241",108129,"109,094"
Florida,Vietnam Era,"110,920",109460,"108,783"
Washington,Gulf War and GWOT,"108,487",101941,"96,774"
Tennessee,Gulf War and GWOT,"97,692",89557,"82,406"
Ohio,Gulf War and GWOT,"95,720",86806,"79,909"
Colorado,Gulf War and GWOT,"92,075",85432,"79,907"
Arizona,Gulf War and GWOT,"91,459",83517,"77,208"
South Carolina,Gulf War and GWOT,"92,184",83853,"76,739"
Florida,Peacetime Era,"78,264",75907,"74,343"
Alabama,Gulf War and GWOT,"86,080",79030,"72,807"
Texas,Peacetime Era,"75,312",73610,"72,654"
Pennsylvania,Gulf War and GWOT,"84,298",76193,"70,228"
Maryland,Gulf War and GWOT,"81,633",75115,"69,664"
New York,Gulf War and GWOT,"78,797",72340,"67,504"
California,Peacetime Era,"65,146",64761,"65,088"
Illinois,Gulf War and GWOT,"74,772",67949,"62,664"
Oklahoma,Gulf War and GWOT,"66,952",62034,"58,254"
Missouri,Gulf War and GWOT,"66,376",60532,"55,779"
Michigan,Gulf War and GWOT,"65,694",59626,"54,939"
North Carolina,Vietnam Era,"54,859",53972,"53,760"
Ohio,Vietnam Era,"53,881",52799,"51,869"
Pennsylvania,Vietnam Era,"50,743",49262,"48,607"
Indiana,Gulf War and GWOT,"57,564",52586,"48,578"
Georgia,Vietnam Era,"45,849",45384,"45,549"
Michigan,Vietnam Era,"46,518",45493,"45,003"
New York,Vietnam Era,"43,525",43170,"43,380"
Louisiana,Gulf War and GWOT,"49,189",44957,"41,332"
Kentucky,Gulf War and GWOT,"47,316",43667,"40,499"
Nevada,Gulf War and GWOT,"47,963",43800,"40,433"
Wisconsin,Gulf War and GWOT,"47,500",43509,"40,384"
Minnesota,Vietnam Era,"39,356",39302,"39,480"
Oregon,Gulf War and GWOT,"42,729",40196,"38,393"
Tennessee,Vietnam Era,"38,117",37677,"37,728"
Georgia,Peacetime Era,"38,638",37661,"37,081"
Arizona,Vietnam Era,"36,709",36004,"35,767"
North Carolina,Peacetime Era,"37,720",36385,"35,657"
Minnesota,Gulf War and GWOT,"40,905",37883,"35,612"
Illinois,Vietnam Era,"35,862",35108,"34,796"
Washington,Vietnam Era,"33,858",33649,"34,092"
Virginia,Vietnam Era,"33,637",33480,"33,622"
Missouri,Vietnam Era,"33,661",33386,"33,414"
Indiana,Vietnam Era,"33,031",32601,"32,431"
Arkansas,Gulf War and GWOT,"37,628",34673,"32,139"
South Carolina,Vietnam Era,"32,182",31695,"31,593"
Massachusetts,Gulf War and GWOT,"35,841",33219,"31,257"
Mississippi,Gulf War and GWOT,"37,226",33837,"31,220"
New Jersey,Gulf War and GWOT,"36,611",33203,"30,422"
Oklahoma,Vietnam Era,"29,291",29629,"30,126"
Virginia,Peacetime Era,"27,879",27623,"27,692"
Kansas,Gulf War and GWOT,"32,378",29512,"27,412"
Alabama,Vietnam Era,"27,754",27375,"27,357"
Ohio,Peacetime Era,"29,451",28135,"27,353"
Wisconsin,Vietnam Era,"29,009",27915,"27,216"
Oregon,Vietnam Era,"26,418",26335,"26,626"
Utah,Gulf War and GWOT,"28,217",25590,"23,675"
Colorado,Vietnam Era,"23,907",23647,"23,668"
New Mexico,Gulf War and GWOT,"26,517",24525,"23,052"
Massachusetts,Vietnam Era,"23,260",22993,"22,934"
Pennsylvania,Peacetime Era,"24,566",23357,"22,807"
Tennessee,Peacetime Era,"23,197",22579,"22,072"
Washington,Peacetime Era,"21,512",21594,"21,909"
Idaho,Gulf War and GWOT,"26,122",23733,"21,888"
Nebraska,Gulf War and GWOT,"24,596",22729,"21,448"
Iowa,Gulf War and GWOT,"25,294",23131,"21,440"
Kentucky,Vietnam Era,"21,151",21104,"21,266"
New York,Peacetime Era,"21,737",21365,"21,201"
Minnesota,Peacetime Era,"21,001",20917,"21,034"
New Jersey,Vietnam Era,"21,036",20795,"20,864"
Louisiana,Vietnam Era,"21,298",20968,"20,825"
South Carolina,Peacetime Era,"21,671",21032,"20,611"
Arizona,Peacetime Era,"20,809",20380,"20,053"
Hawaii,Gulf War and GWOT,"23,135",21079,"19,635"
Alabama,Peacetime Era,"20,587",19960,"19,614"
Michigan,Peacetime Era,"21,247",20269,"19,501"
Indiana,Peacetime Era,"19,123",18441,"18,101"
West Virginia,Gulf War and GWOT,"21,219",19423,"17,959"
Missouri,Peacetime Era,"18,133",17612,"17,372"
Maryland,Vietnam Era,"17,111",16912,"16,976"
Oklahoma,Peacetime Era,"16,462",16384,"16,435"
Puerto Rico,Gulf War and GWOT,"20,452",18132,"16,360"
Colorado,Peacetime Era,"15,990",15989,"16,196"
Arkansas,Vietnam Era,"16,473",16159,"16,090"
Nevada,Vietnam Era,"16,265",15965,"16,040"
Connecticut,Gulf War and GWOT,"19,121",17376,"16,008"
Iowa,Vietnam Era,"16,534",16065,"15,793"
Alaska,Gulf War and GWOT,"17,788",16532,"15,542"
Maine,Gulf War and GWOT,"17,480",16216,"15,132"
Montana,Gulf War and GWOT,"17,810",16385,"15,066"
Illinois,Peacetime Era,"16,048",15265,"14,888"
Maryland,Peacetime Era,"14,825",14571,"14,468"
Nebraska,Vietnam Era,"14,019",13993,"14,058"
Wisconsin,Peacetime Era,"14,828",14279,"13,923"
West Virginia,Vietnam Era,"13,466",13540,"13,707"
Oregon,Peacetime Era,"13,519",13505,"13,700"
Mississippi,Vietnam Era,"13,462",13226,"13,219"
Massachusetts,Peacetime Era,"12,661",12502,"12,439"
New Hampshire,Gulf War and GWOT,"14,506",13297,"12,384"
New Mexico,Vietnam Era,"12,028",12060,"12,275"
Kentucky,Peacetime Era,"11,704",11478,"11,398"
Ashore Post Office,Gulf War and GWOT,"13,100",11754,"11,349"
Kansas,Vietnam Era,"11,984",11534,"11,329"
South Dakota,Gulf War and GWOT,"12,890",11930,"11,023"
Louisiana,Peacetime Era,"11,239",10800,"10,581"
Idaho,Vietnam Era,"11,043",10736,"10,547"
Nevada,Peacetime Era,"10,941",10676,"10,488"
Connecticut,Vietnam Era,"10,014",9838,"9,760"
New Jersey,Peacetime Era,"10,129",9846,"9,740"
Maine,Vietnam Era,"9,304",9204,"9,223"
Arkansas,Peacetime Era,"9,672",9324,"9,156"
Delaware,Gulf War and GWOT,"10,390",9466,"8,692"
Puerto Rico,Vietnam Era,"8,903",8702,"8,556"
Utah,Vietnam Era,"8,710",8453,"8,421"
Nebraska,Peacetime Era,"8,389",8390,"8,416"
Mississippi,Peacetime Era,"8,997",8574,"8,301"
Wyoming,Gulf War and GWOT,"9,455",8684,"8,020"
North Dakota,Gulf War and GWOT,"9,009",8280,"7,787"
Hawaii,Vietnam Era,"7,779",7610,"7,615"
Iowa,Peacetime Era,"7,810",7541,"7,415"
Montana,Vietnam Era,"7,664",7438,"7,335"
New Hampshire,Vietnam Era,"7,075",7064,"7,057"
Rhode Island,Gulf War and GWOT,"7,836",7109,"6,647"
California,Korean Conflict,"4,930",5722,"6,606"
New Mexico,Peacetime Era,"6,686",6608,"6,579"
West Virginia,Peacetime Era,"6,373",6323,"6,290"
Idaho,Peacetime Era,"6,230",6068,"5,966"
Kansas,Peacetime Era,"6,069",5933,"5,914"
Maine,Peacetime Era,"5,921",5806,"5,840"
South Dakota,Vietnam Era,"5,872",5632,"5,534"
Florida,Korean Conflict,"3,978",4636,"5,321"
Puerto Rico,Peacetime Era,"5,602",5292,"5,142"
Connecticut,Peacetime Era,"5,206",5125,"5,062"
Utah,Peacetime Era,"4,568",4508,"4,529"
Delaware,Vietnam Era,"4,732",4602,"4,518"
Rhode Island,Vietnam Era,"4,528",4428,"4,402"
Vermont,Gulf War and GWOT,"4,864",4519,"4,240"
Hawaii,Peacetime Era,"4,231",4145,"4,189"
Minnesota,Korean Conflict,"3,006",3537,"4,170"
District of Columbia,Gulf War and GWOT,"4,823",4402,"4,146"
Texas,Korean Conflict,"3,044",3590,"4,145"
New Hampshire,Peacetime Era,"4,109",4024,"3,992"
North Dakota,Vietnam Era,"4,096",4024,"3,978"
Wyoming,Vietnam Era,"4,042",3982,"3,918"
Montana,Peacetime Era,"4,030",3903,"3,861"
Fleet Post Office,Gulf War and GWOT,"4,136",3562,"3,426"
Alaska,Vietnam Era,"3,347",3357,"3,414"
South Dakota,Peacetime Era,"3,534",3373,"3,240"
Delaware,Peacetime Era,"3,236",3200,"3,101"
Alaska,Peacetime Era,"2,947",2990,"3,061"
Germany,Gulf War and GWOT,"3,381",3060,"2,910"
Philippines,Gulf War and GWOT,"3,996",3342,"2,817"
Vermont,Vietnam Era,"2,707",2678,"2,694"
Guam,Gulf War and GWOT,"3,272",2926,"2,684"
New York,Korean Conflict,"1,917",2262,"2,619"
Rhode Island,Peacetime Era,"2,497",2436,"2,394"
Wyoming,Peacetime Era,"2,407",2355,"2,348"
Massachusetts,Korean Conflict,"1,636",1946,"2,307"
Ohio,Korean Conflict,"1,667",1948,"2,209"
Pennsylvania,Korean Conflict,"1,644",1881,"2,176"
Michigan,Korean Conflict,"1,597",1842,"2,114"
North Dakota,Peacetime Era,"1,982",2008,"1,997"
North Carolina,Korean Conflict,"1,442",1683,"1,924"
Missouri,Korean Conflict,"1,355",1628,"1,916"
Oklahoma,Korean Conflict,"1,231",1457,"1,735"
Indiana,Korean Conflict,"1,252",1482,"1,720"
California,World War II,832,1173,"1,662"
Nebraska,Korean Conflict,"1,139",1353,"1,603"
Wisconsin,Korean Conflict,"1,189",1376,"1,590"
New Jersey,Korean Conflict,"1,109",1302,"1,490"
Arizona,Korean Conflict,"1,066",1240,"1,431"
Tennessee,Korean Conflict,"1,027",1221,"1,413"
Oregon,Korean Conflict,"1,013",1214,"1,408"
Vermont,Peacetime Era,"1,371",1362,"1,387"
Georgia,Korean Conflict,"1,075",1229,"1,379"
Illinois,Korean Conflict,975,1137,"1,325"
Washington,Korean Conflict,934,1132,"1,296"
Florida,World War II,653,897,"1,286"
Colorado,Korean Conflict,875,1035,"1,240"
Iowa,Korean Conflict,855,1011,"1,175"
Philippines,Vietnam Era,"1,233",1224,"1,170"
District of Columbia,Vietnam Era,953,992,"1,030"
Alabama,Korean Conflict,784,877,"1,013"
South Carolina,Korean Conflict,737,885,"1,010"
Virginia,Korean Conflict,766,861,"1,001"
Japan,Gulf War and GWOT,"1,367",1152,964
Texas,World War II,489,712,958
Puerto Rico,Korean Conflict,697,789,905
New York,World War II,399,602,896
Philippines,Peacetime Era,"1,059",946,891
District of Columbia,Peacetime Era,875,863,882
Ashore Post Office,Peacetime Era,739,789,845
Kentucky,Korean Conflict,588,694,821
Minnesota,World War II,388,561,821
Canada,Gulf War and GWOT,830,764,743
Louisiana,Korean Conflict,560,657,730
Unknown,Gulf War and GWOT,719,611,647
Germany,Peacetime Era,660,629,630
Massachusetts,World War II,319,448,627
Connecticut,Korean Conflict,466,522,610
Pennsylvania,World War II,255,415,608
Guam,Vietnam Era,620,614,606
United Kingdom,Gulf War and GWOT,834,696,599
West Virginia,Korean Conflict,404,489,599
Guam,Peacetime Era,671,629,578
Maryland,Korean Conflict,425,489,570
Maine,Korean Conflict,387,455,564
Virgin Islands of the United States,Gulf War and GWOT,763,670,561
Nevada,Korean Conflict,429,483,554
Canada,Vietnam Era,513,525,541
Hawaii,Korean Conflict,395,476,539
American Samoa,Gulf War and GWOT,633,585,538
Michigan,World War II,277,399,535
New Mexico,Korean Conflict,379,430,519
Ohio,World War II,250,364,516
Arkansas,Korean Conflict,374,440,513
Kansas,Korean Conflict,360,439,501
Idaho,Korean Conflict,365,424,494
Australia,Gulf War and GWOT,571,521,479
Mississippi,Korean Conflict,326,384,440
New Jersey,World War II,229,304,435
North Carolina,World War II,219,312,414
Utah,Korean Conflict,337,374,412
New Hampshire,Korean Conflict,281,321,385
Rhode Island,Korean Conflict,273,319,381
Germany,Vietnam Era,352,362,374
Illinois,World War II,194,263,359
Missouri,World War II,174,241,354
South Dakota,Korean Conflict,277,301,343
Oklahoma,World War II,155,249,342
Indiana,World War II,160,230,340
Oregon,World War II,181,250,339
Thailand,Gulf War and GWOT,471,384,331
Ashore Post Office,Vietnam Era,290,284,319
Arizona,World War II,165,223,316
Philippines,World War II - Philippines,178,220,311
Montana,Korean Conflict,213,262,302
Fleet Post Office,Peacetime Era,263,269,297
Washington,World War II,128,193,297
Colorado,World War II,137,187,285
Northern Mariana Islands,Gulf War and GWOT,317,295,279
North Dakota,Korean Conflict,204,237,278
Georgia,World War II,152,205,274
Nebraska,World War II,114,182,272
Fleet Post Office,Vietnam Era,260,271,267
Wisconsin,World War II,126,188,267
Virginia,World War II,112,185,266
Tennessee,World War II,130,191,265
Canada,Peacetime Era,221,226,225
Iowa,World War II,99,150,216
Thailand,Vietnam Era,236,223,213
Connecticut,World War II,101,160,207
Louisiana,World War II,99,133,197
Maryland,World War II,90,133,197
Virgin Islands of the United States,Vietnam Era,202,194,189
South Carolina,World War II,96,133,178
Alabama,World War II,83,119,171
Wyoming,Korean Conflict,112,141,168
Kentucky,World War II,97,121,167
Australia,Vietnam Era,162,163,166
Dominican Republic,Gulf War and GWOT,253,201,160
Virgin Islands of the United States,Peacetime Era,162,163,156
Italy,Gulf War and GWOT,236,186,155
Spain,Gulf War and GWOT,236,187,153
Delaware,Korean Conflict,109,119,148
Kansas,World War II,67,99,139
Vermont,Korean Conflict,102,119,137
New Mexico,World War II,61,94,135
Maine,World War II,64,96,125
Idaho,World War II,62,86,120
American Samoa,Peacetime Era,141,133,119
Mississippi,World War II,62,73,116
Netherlands,Gulf War and GWOT,154,150,115
Hawaii,World War II,68,87,115
Rhode Island,World War II,62,76,110
Nevada,World War II,55,75,108
West Virginia,World War II,52,73,107
South Korea,Gulf War and GWOT,133,115,102
Panama,Gulf War and GWOT,113,105,102
Japan,Vietnam Era,98,90,102
Utah,World War II,42,64,97
Mexico,Gulf War and GWOT,121,119,89
Japan,Peacetime Era,85,88,89
Alaska,Korean Conflict,63,78,89
Colombia,Gulf War and GWOT,130,114,88
France,Gulf War and GWOT,114,105,88
United Kingdom,Vietnam Era,89,81,88
Arkansas,World War II,39,63,86
New Hampshire,World War II,41,61,86
American Samoa,Vietnam Era,82,86,85
Australia,Peacetime Era,77,80,84
Thailand,Peacetime Era,104,90,82
Ireland,Gulf War and GWOT,109,93,78
New Zealand,Gulf War and GWOT,108,91,78
United Kingdom,Peacetime Era,92,78,75
Poland,Gulf War and GWOT,104,84,72
Montana,World War II,36,48,71
United Arab Emirates,Gulf War and GWOT,92,56,70
Sweden,Gulf War and GWOT,65,67,66
California,World War II - Philippines,27,35,63
Mexico,Vietnam Era,54,63,59
Federated States of Micronesia,Gulf War and GWOT,70,62,59
North Dakota,World War II,27,38,58
Norway,Gulf War and GWOT,61,55,55
Panama,Vietnam Era,57,50,55
District of Columbia,Korean Conflict,39,46,51
Belgium,Gulf War and GWOT,62,58,49
Spain,Peacetime Era,42,42,49
Vermont,World War II,26,33,49
Kuwait,Gulf War and GWOT,76,61,48
Costa Rica,Vietnam Era,44,49,48
South Dakota,World War II,15,27,48
Panama,Peacetime Era,47,55,47
Unknown,Peacetime Era,35,34,46
Czech Republic,Gulf War and GWOT,47,39,43
England,Peacetime Era,22,25,42
Spain,Vietnam Era,42,40,41
Wales,Gulf War and GWOT,28,34,41
Northern Mariana Islands,Vietnam Era,37,41,40
Puerto Rico,World War II,19,26,40
Portugal,Gulf War and GWOT,98,79,39
Denmark,Gulf War and GWOT,57,54,39
Switzerland,Gulf War and GWOT,51,42,39
Italy,Vietnam Era,44,41,39
Italy,Peacetime Era,42,38,39
Dominican Republic,Peacetime Era,56,54,38
Mexico,Peacetime Era,39,33,37
Wyoming,World War II,19,27,37
Northern Mariana Islands,Peacetime Era,41,39,34
Wales,Peacetime Era,28,32,33
Finland,Gulf War and GWOT,36,35,32
France,Vietnam Era,27,29,31
Brazil,Gulf War and GWOT,49,41,30
France,Peacetime Era,26,28,30
Palau,Gulf War and GWOT,51,41,29
Costa Rica,Gulf War and GWOT,48,37,29
Singapore,Gulf War and GWOT,39,37,29
Austria,Gulf War and GWOT,44,35,29
Ireland,Vietnam Era,26,29,29
Taiwan,Gulf War and GWOT,31,28,28
England,Vietnam Era,21,24,28
Delaware,World War II,13,21,28
Estonia,Gulf War and GWOT,,10,28
Romania,Gulf War and GWOT,39,29,27
Greece,Gulf War and GWOT,34,27,27
Ireland,Peacetime Era,24,26,27
Netherlands,Peacetime Era,26,25,26
Hungary,Gulf War and GWOT,32,23,26
Wales,Vietnam Era,19,21,26
Vietnam,Gulf War and GWOT,27,22,25
Unknown,Vietnam Era,11,18,25
New Zealand,Vietnam Era,25,24,24
Colombia,Vietnam Era,31,22,24
Luxembourg,Gulf War and GWOT,22,21,24
South Africa,Gulf War and GWOT,26,23,23
Turkey (except Adana),Gulf War and GWOT,18,19,23
Canada,World War II,10,14,23
Netherlands,Vietnam Era,24,20,21
Canada,Korean Conflict,18,20,21
Philippines,Korean Conflict,14,17,21
Costa Rica,Peacetime Era,22,16,21
Peru,Gulf War and GWOT,36,29,20
District of Columbia,World War II,,13,20
Dominican Republic,Vietnam Era,37,30,19
Saudi Arabia,Gulf War and GWOT,65,32,18
Ecuador,Gulf War and GWOT,23,23,18
Greece,Vietnam Era,18,19,18
Croatia,Gulf War and GWOT,18,17,18
Indonesia,Gulf War and GWOT,24,22,17
Colombia,Peacetime Era,16,18,17
Israel (Jerusalem),Gulf War and GWOT,16,18,17
Bulgaria,Gulf War and GWOT,19,17,17
Greece,Peacetime Era,12,14,16
Switzerland,Peacetime Era,16,14,15
Ecuador,Vietnam Era,13,11,15
New Zealand,Peacetime Era,13,14,14
Ukraine,Gulf War and GWOT,,11,14
Malta,Gulf War and GWOT,11,10,14
Kenya,Gulf War and GWOT,17,19,13
Portugal,Peacetime Era,22,17,13
Israel (Tel Aviv),Vietnam Era,15,14,13
Denmark,Vietnam Era,14,14,13
China,Gulf War and GWOT,15,13,12
Denmark,Peacetime Era,13,13,12
Belgium,Peacetime Era,11,13,12
Bahrain,Gulf War and GWOT,15,12,12
Israel (Tel Aviv),Gulf War and GWOT,15,12,12
Alaska,World War II,,11,12
South Korea,Peacetime Era,14,11,12
Poland,Peacetime Era,12,11,12
Ghana,Gulf War and GWOT,10,10,12
India,Gulf War and GWOT,10,10,12
Portugal,Vietnam Era,15,12,11
Jamaica,Gulf War and GWOT,13,10,11
England,Gulf War and GWOT,32,40,10
Hong Kong,Gulf War and GWOT,11,12,10
Vietnam,Vietnam Era,11,12,10
Switzerland,Vietnam Era,10,10,10
Israel (Jerusalem),Vietnam Era,,0,10
