Pull_Date,Urban_Rural,Age_Group,Poverty,Disability,Veterans
2023 Sep 30 12:00:00 AM,Urban,Less than  65,Below Poverty,No Disability,"358,534"
2023 Sep 30 12:00:00 AM,Urban,Less than  65,Below Poverty,With Disability,"203,738"
2023 Sep 30 12:00:00 AM,Urban,Less than  65,At or Above Poverty,No Disability,"5,608,534"
2023 Sep 30 12:00:00 AM,Urban,Less than  65,At or Above Poverty,With Disability,"1,291,509"
2023 Sep 30 12:00:00 AM,Urban,65 and older,Below Poverty,No Disability,"243,472"
2023 Sep 30 12:00:00 AM,Urban,65 and older,Below Poverty,With Disability,"242,434"
2023 Sep 30 12:00:00 AM,Urban,65 and older,At or Above Poverty,No Disability,"3,279,849"
2023 Sep 30 12:00:00 AM,Urban,65 and older,At or Above Poverty,With Disability,"2,231,352"
2023 Sep 30 12:00:00 AM,Rural,Less than  65,Below Poverty,No Disability,"99,525"
2023 Sep 30 12:00:00 AM,Rural,Less than  65,Below Poverty,With Disability,"63,408"
2023 Sep 30 12:00:00 AM,Rural,Less than  65,At or Above Poverty,No Disability,"1,774,869"
2023 Sep 30 12:00:00 AM,Rural,Less than  65,At or Above Poverty,With Disability,"485,512"
2023 Sep 30 12:00:00 AM,Rural,65 and older,Below Poverty,No Disability,"89,707"
2023 Sep 30 12:00:00 AM,Rural,65 and older,Below Poverty,With Disability,"89,575"
2023 Sep 30 12:00:00 AM,Rural,65 and older,At or Above Poverty,No Disability,"1,206,516"
2023 Sep 30 12:00:00 AM,Rural,65 and older,At or Above Poverty,With Disability,"902,476"
2024 Sep 30 12:00:00 AM,Urban,Less than  65,Below Poverty,No Disability,"350,837"
2024 Sep 30 12:00:00 AM,Urban,Less than  65,Below Poverty,With Disability,"199,365"
2024 Sep 30 12:00:00 AM,Urban,Less than  65,At or Above Poverty,No Disability,"5,488,133"
2024 Sep 30 12:00:00 AM,Urban,Less than  65,At or Above Poverty,With Disability,"1,263,784"
2024 Sep 30 12:00:00 AM,Urban,65 and older,Below Poverty,No Disability,"239,571"
2024 Sep 30 12:00:00 AM,Urban,65 and older,Below Poverty,With Disability,"238,549"
2024 Sep 30 12:00:00 AM,Urban,65 and older,At or Above Poverty,No Disability,"3,227,294"
2024 Sep 30 12:00:00 AM,Urban,65 and older,At or Above Poverty,With Disability,"2,195,599"
2024 Sep 30 12:00:00 AM,Rural,Less than  65,Below Poverty,No Disability,"97,388"
2024 Sep 30 12:00:00 AM,Rural,Less than  65,Below Poverty,With Disability,"62,047"
2024 Sep 30 12:00:00 AM,Rural,Less than  65,At or Above Poverty,No Disability,"1,736,767"
2024 Sep 30 12:00:00 AM,Rural,Less than  65,At or Above Poverty,With Disability,"475,089"
2024 Sep 30 12:00:00 AM,Rural,65 and older,Below Poverty,No Disability,"88,270"
2024 Sep 30 12:00:00 AM,Rural,65 and older,Below Poverty,With Disability,"88,140"
2024 Sep 30 12:00:00 AM,Rural,65 and older,At or Above Poverty,No Disability,"1,187,183"
2024 Sep 30 12:00:00 AM,Rural,65 and older,At or Above Poverty,With Disability,"888,015"
2025 Sep 30 12:00:00 AM,Urban,Less than  65,Below Poverty,No Disability,"342,773"
2025 Sep 30 12:00:00 AM,Urban,Less than  65,Below Poverty,With Disability,"194,782"
2025 Sep 30 12:00:00 AM,Urban,Less than  65,At or Above Poverty,No Disability,"5,361,996"
2025 Sep 30 12:00:00 AM,Urban,Less than  65,At or Above Poverty,With Disability,"1,234,738"
2025 Sep 30 12:00:00 AM,Urban,65 and older,Below Poverty,No Disability,"236,326"
2025 Sep 30 12:00:00 AM,Urban,65 and older,Below Poverty,With Disability,"235,318"
2025 Sep 30 12:00:00 AM,Urban,65 and older,At or Above Poverty,No Disability,"3,183,579"
2025 Sep 30 12:00:00 AM,Urban,65 and older,At or Above Poverty,With Disability,"2,165,858"
2025 Sep 30 12:00:00 AM,Rural,Less than  65,Below Poverty,No Disability,"95,150"
2025 Sep 30 12:00:00 AM,Rural,Less than  65,Below Poverty,With Disability,"60,621"
2025 Sep 30 12:00:00 AM,Rural,Less than  65,At or Above Poverty,No Disability,"1,696,849"
2025 Sep 30 12:00:00 AM,Rural,Less than  65,At or Above Poverty,With Disability,"464,170"
2025 Sep 30 12:00:00 AM,Rural,65 and older,Below Poverty,No Disability,"87,074"
2025 Sep 30 12:00:00 AM,Rural,65 and older,Below Poverty,With Disability,"86,946"
2025 Sep 30 12:00:00 AM,Rural,65 and older,At or Above Poverty,No Disability,"1,171,102"
2025 Sep 30 12:00:00 AM,Rural,65 and older,At or Above Poverty,With Disability,"875,987"
