Pull_Date,Urban_Rural,Sex,Age_Group,Veterans
2023 Sep 30 12:00:00 AM,Urban,Male,Less than 35,"1,122,315"
2023 Sep 30 12:00:00 AM,Urban,Male,35 to 54,"2,887,622"
2023 Sep 30 12:00:00 AM,Urban,Male,55 to 64,"2,180,974"
2023 Sep 30 12:00:00 AM,Urban,Male,65 to 74,"2,219,654"
2023 Sep 30 12:00:00 AM,Urban,Male,75 and older,"3,441,884"
2023 Sep 30 12:00:00 AM,Urban,Female,Less than 35,"275,555"
2023 Sep 30 12:00:00 AM,Urban,Female,35  to  54,"636,552"
2023 Sep 30 12:00:00 AM,Urban,Female,55 to 64,"351,274"
2023 Sep 30 12:00:00 AM,Urban,Female,65 to 74,"236,712"
2023 Sep 30 12:00:00 AM,Urban,Female,75 and older,"116,617"
2023 Sep 30 12:00:00 AM,Rural,Male,Less than 35,"282,539"
2023 Sep 30 12:00:00 AM,Rural,Male,35 to 54,"975,246"
2023 Sep 30 12:00:00 AM,Rural,Male,55 to 64,"826,441"
2023 Sep 30 12:00:00 AM,Rural,Male,65 to 74,"935,361"
2023 Sep 30 12:00:00 AM,Rural,Male,75 and older,"1,225,484"
2023 Sep 30 12:00:00 AM,Rural,Female,Less than 35,"57,258"
2023 Sep 30 12:00:00 AM,Rural,Female,35 to 54,"183,568"
2023 Sep 30 12:00:00 AM,Rural,Female,55 to 64,"106,283"
2023 Sep 30 12:00:00 AM,Rural,Female,65 to 74,"76,932"
2023 Sep 30 12:00:00 AM,Rural,Female,75 and older,"32,737"
2024 Sep 30 12:00:00 AM,Urban,Male,Less than 35,"1,083,576"
2024 Sep 30 12:00:00 AM,Urban,Male,35 to 54,"2,830,641"
2024 Sep 30 12:00:00 AM,Urban,Male,55 to 64,"2,128,712"
2024 Sep 30 12:00:00 AM,Urban,Male,65 to 74,"2,095,343"
2024 Sep 30 12:00:00 AM,Urban,Male,75 and older,"3,452,529"
2024 Sep 30 12:00:00 AM,Urban,Female,Less than 35,"266,388"
2024 Sep 30 12:00:00 AM,Urban,Female,35 to 54,"635,987"
2024 Sep 30 12:00:00 AM,Urban,Female,55 to 64,"348,483"
2024 Sep 30 12:00:00 AM,Urban,Female,65 to 74,"252,082"
2024 Sep 30 12:00:00 AM,Urban,Female,75 and older,"123,751"
2024 Sep 30 12:00:00 AM,Rural,Male,Less than 35,"272,787"
2024 Sep 30 12:00:00 AM,Rural,Male,35 to 54,"956,002"
2024 Sep 30 12:00:00 AM,Rural,Male,55 to 64,"806,637"
2024 Sep 30 12:00:00 AM,Rural,Male,65 to 74,"882,976"
2024 Sep 30 12:00:00 AM,Rural,Male,75 and older,"1,229,274"
2024 Sep 30 12:00:00 AM,Rural,Female,Less than 35,"55,353"
2024 Sep 30 12:00:00 AM,Rural,Female,35 to 54,"183,406"
2024 Sep 30 12:00:00 AM,Rural,Female,55 to 64,"105,439"
2024 Sep 30 12:00:00 AM,Rural,Female,65 to 74,"81,927"
2024 Sep 30 12:00:00 AM,Rural,Female,75 and older,"34,740"
2025 Sep 30 12:00:00 AM,Urban,Male,Less than 35,"1,046,719"
2025 Sep 30 12:00:00 AM,Urban,Male,35 to 54,"2,770,387"
2025 Sep 30 12:00:00 AM,Urban,Male,55 to 64,"2,073,185"
2025 Sep 30 12:00:00 AM,Urban,Male,65 to 74,"2,030,263"
2025 Sep 30 12:00:00 AM,Urban,Male,75 and older,"3,415,776"
2025 Sep 30 12:00:00 AM,Urban,Female,Less than 35,"257,843"
2025 Sep 30 12:00:00 AM,Urban,Female,35 to 54,"632,669"
2025 Sep 30 12:00:00 AM,Urban,Female,55 to 64,"345,083"
2025 Sep 30 12:00:00 AM,Urban,Female,65 to 74,"268,694"
2025 Sep 30 12:00:00 AM,Urban,Female,75 and older,"131,482"
2025 Sep 30 12:00:00 AM,Rural,Male,Less than 35,"263,508"
2025 Sep 30 12:00:00 AM,Rural,Male,35 to 54,"935,652"
2025 Sep 30 12:00:00 AM,Rural,Male,55 to 64,"785,597"
2025 Sep 30 12:00:00 AM,Rural,Male,65 to 74,"855,551"
2025 Sep 30 12:00:00 AM,Rural,Male,75 and older,"1,216,188"
2025 Sep 30 12:00:00 AM,Rural,Female,Less than 35,"53,577"
2025 Sep 30 12:00:00 AM,Rural,Female,35 to 54,"182,449"
2025 Sep 30 12:00:00 AM,Rural,Female,55 to 64,"104,410"
2025 Sep 30 12:00:00 AM,Rural,Female,65 to 74,"87,326"
2025 Sep 30 12:00:00 AM,Rural,Female,75 and older,"36,910"
